title,category,subscriber,view,video
BLACKPINK,[음악/댄스/가수],5140만,128억5130만,319개
Big Hit Labels,[음악/댄스/가수],4550만,120억8966만,433개
BANGTANTV,[음악/댄스/가수],3870만,54억7598만,"1,319개"
Boram Tube Vlog [보람튜브 브이로그],[키즈/어린이],2650만,110억5288만,223개
SMTOWN,[음악/댄스/가수],2450만,180억7532만,"3,583개"
1MILLION Dance Studio,[음악/댄스/가수],2230만,57억5358만,"2,205개"
1theK (원더케이),[음악/댄스/가수],2090만,178억6042만,"13,291개"
JYP Entertainment,[음악/댄스/가수],1840만,105억5330만,"1,181개"
ArianaGrandeVevo,[음악/댄스/가수],1820만,147억9692만,112개
America's Got Talent,[미분류],1800만,36억5668만,"2,417개"
JFlaMusic,[음악/댄스/가수],1630만,30억7781만,267개
Mnet K-POP,[음악/댄스/가수],1560만,102억0449만,"21,772개"
KBS World,[TV/방송],1430만,101억5806만,"46,830개"
officialpsy,[음악/댄스/가수],1430만,79억6656만,90개
Boram Tube ToysReview [보람튜브 토이리뷰],[키즈/어린이],1380만,45억6037만,384개
BIGBANG,[음악/댄스/가수],1290만,61억1004만,773개
Nao FunFun,[키즈/어린이],1110만,567만,141개
CNN,[뉴스/정치/사회],1090만,78억9975만,"149,530개"
Jane ASMR 제인,[음식/요리/레시피],996만,30억2455만,886개
DuDuPopTOY,[키즈/어린이],929만,39억7870만,"1,493개"
Stone Music Entertainment,[음악/댄스/가수],907만,66억3718만,"6,730개"
핑크퐁 (인기 동요・동화),[키즈/어린이],868만,49억3402만,"1,937개"
MBCkpop,[TV/방송],867만,63억3938만,"38,695개"
TWICE,[음악/댄스/가수],867만,10억1469만,443개
Vogue,[미분류],863만,22억8756만,"2,387개"
Larva TUBA,[키즈/어린이],836만,35억7052만,"2,028개"
Toymong tv 토이몽TV,[키즈/어린이],780만,31억6107만,"1,581개"
MBCentertainment,[뉴스/정치/사회],771만,116억8306만,"79,567개"
Mnet Official,[음악/댄스/가수],769만,73억4071만,"15,773개"
서은이야기[SeoeunStory],[키즈/어린이],764만,33억3044만,905개
iKON,[음악/댄스/가수],736만,17억4730만,416개
Boram Tube [宝蓝和朋友们],[키즈/어린이],675만,14억8360만,268개
MariAndKids,[키즈/어린이],673만,20억6858만,891개
SonicToy소닉토이,[키즈/어린이],669만,27억1666만,230개
Sungha Jung,[음악/댄스/가수],648만,18억0217만,"1,217개"
EXO,[음악/댄스/가수],637만,1억1583만,142개
M2,[TV/방송],630만,41억6186만,"12,135개"
Hongyu ASMR 홍유,[음식/요리/레시피],606만,14억7141만,289개
JTBC Entertainment,[뉴스/정치/사회],602만,76억3837만,"58,938개"
ALL THE K-POP,[음악/댄스/가수],591만,33억5933만,"15,722개"
Travel Thirsty,[음식/요리/레시피],576만,23억5974만,572개
PONY Syndrome,[패션/미용],575만,3억2910만,160개
YG ENTERTAINMENT,[음악/댄스/가수],574만,15억3769만,389개
SEVENTEEN,[음악/댄스/가수],566만,14억9818만,719개
Serie A,[해외],549만,17억4503만,"19,354개"
GOT7,[음악/댄스/가수],538만,5억8949만,554개
KBS Kpop,[TV/방송],526만,34억1126만,"24,389개"
콩순이・시크릿 쥬쥬 [Kongsuni・Secret Jouju],[키즈/어린이],512만,40억9090만,"1,128개"
DJKhaledVEVO,[미분류],509만,42억2878만,72개
ToyMart TV,[키즈/어린이],502만,20억4444만,401개
2NE1,[음악/댄스/가수],494만,17억9321만,321개
TOMORROW X TOGETHER OFFICIAL,[음악/댄스/가수],485만,1억9105만,510개
[Awesome Haeun]어썸하은,[BJ/인물/연예인],484만,7억0307만,419개
Samsung,[회사/오피셜],478만,5억8535만,"1,135개"
스브스케이팝 / SBS KPOP,[TV/방송],459만,26억3719만,"20,846개"
문복희 Eat with Boki,[음식/요리/레시피],452만,8억4959만,216개
베이비버스 -인기 동요・동화,[키즈/어린이],450만,27억2702만,"1,111개"
SBS Entertainment,[TV/방송],449만,45억1619만,"210,810개"
starshipTV,[음악/댄스/가수],440만,23억8579만,"1,657개"
백종원의 요리비책 Paik's Cuisine,[음식/요리/레시피],439만,3억1802만,236개
SBS Drama,[TV/방송],436만,42억6086만,"339,029개"
MAMAMOO,[음악/댄스/가수],431만,8억4101만,485개
쏘영 Ssoyoung,[음식/요리/레시피],427만,5억5798만,390개
이지금 [IU Official],[음악/댄스/가수],420만,1억8188만,94개
tvN DRAMA,[TV/방송],419만,38억4294만,"27,665개"
[햄지]Hamzy,[음식/요리/레시피],411만,10억3996만,219개
떵개떵,[음식/요리/레시피],408만,21억5415만,"4,015개"
[장난감티비]TOYTV,[키즈/어린이],405만,18억2052만,"1,305개"
스위트티비 SweetTV,[키즈/어린이],405만,17억4386만,537개
Stray Kids,[음악/댄스/가수],403만,3억8220만,348개
미니특공대TV,[키즈/어린이],402만,21억2211만,867개
뽀로로(Pororo),[키즈/어린이],402만,52억6625만,"3,336개"
[Dorothy]도로시,[음식/요리/레시피],400만,9억0625만,835개
Evan Kids,[키즈/어린이],398만,7259만,24개
TOY GUMA,[키즈/어린이],396만,12억9277만,306개
영국남자 Korean Englishman,[BJ/인물/연예인],394만,11억6011만,411개
KBS Entertain,[TV/방송],393만,53억4091만,"91,783개"
MBCdrama,[TV/방송],392만,43억5054만,"51,543개"
Raon Lee,[음악/댄스/가수],388만,7억4293만,247개
워크맨-Workman,[BJ/인물/연예인],381만,4억6933만,76개
하루한끼 one meal a day,[음식/요리/레시피],374만,3억1109만,119개
크림히어로즈,[애완/반려동물],374만,12억0520만,857개
waveya 2011,[BJ/인물/연예인],372만,12억9928만,647개
BT21,[음악/댄스/가수],371만,2억3532만,152개
허팝Heopop,[BJ/인물/연예인],371만,27억4831만,"1,685개"
Jaeguchi,[음악/댄스/가수],366만,25억0814만,440개
ITZY,[음악/댄스/가수],365만,3억9958만,203개
SBS NOW / SBS 공식 채널,[뉴스/정치/사회],355만,35억8442만,"18,206개"
JTBC Drama,[TV/방송],351만,33억1399만,"19,020개"
슈슈토이 ShuShu ToysReview,[키즈/어린이],349만,11억9459만,411개
Milana FamilyShow,[키즈/어린이],347만,10억5723만,198개
Cooking tree 쿠킹트리,[음식/요리/레시피],346만,2억7922만,945개
SBS TV동물농장x애니멀봐,[애완/반려동물],343만,29억1613만,"2,396개"
Lime Tube[라임튜브],[키즈/어린이],340만,23억1306만,"1,558개"
로미유 스토리[Romiyu Story],[키즈/어린이],337만,8억3297만,387개
WINNER,[음악/댄스/가수],335만,10억0135만,381개
까니짱 [ G-NI ],[음식/요리/레시피],334만,7억1372만,315개
Red Velvet,[음악/댄스/가수],331만,1억8498만,93개
EBS 키즈,[키즈/어린이],325만,37억6731만,"17,324개"
Boram y Juguetes,[키즈/어린이],321만,7억2966만,224개
리원세상RIWORLD,[키즈/어린이],315만,12억2845만,359개
KBS Drama,[TV/방송],304만,35억3851만,"105,922개"
KARD,[음악/댄스/가수],304만,4억8830만,273개
BT Sport,[미분류],303만,14억7722만,"6,191개"
백현 Baekhyun,[음악/댄스/가수],302만,3654만,13개
MariAndToys,[키즈/어린이],300만,4억6937만,113개
TV-People,[TV/방송],296만,31억6473만,"15,663개"
CoCosToy 꼬꼬스토이,[키즈/어린이],296만,15억4139만,696개
Billboard,[회사/오피셜],290만,10억1080만,"6,100개"
채널 NCT DAILY,[TV/방송],290만,3억8090만,375개
JaeYeol ASMR 재열,[취미/라이프],288만,6억1069만,805개
FRAN,[음식/요리/레시피],282만,8억1926만,"1,063개"
럭키강이 LuckyKang i,[키즈/어린이],273만,10억8169만,"1,061개"
양수빈,[음식/요리/레시피],273만,4억6150만,193개
피지컬갤러리,[스포츠/운동],272만,4억5127만,528개
푸메Fume,[음식/요리/레시피],270만,5억0267만,298개
ASTRO 아스트로,[음악/댄스/가수],270만,2억4148만,350개
사나고 Sanago,[취미/라이프],270만,2억9182만,120개
새송 Saesong,[음악/댄스/가수],270만,2억3329만,222개
tvN,[TV/방송],268만,33억0757만,"52,141개"
제이제이 튜브 [JJ Tube],[키즈/어린이],268만,16억3149만,510개
ARTBEAT,[BJ/인물/연예인],265만,5억3106만,721개
drawholic,[취미/라이프],264만,2억3417만,336개
유디티TV,[음식/요리/레시피],262만,4억9597만,837개
카 로봇 Car & Robot,[키즈/어린이],261만,15억4846만,"3,467개"
키즈팡TV,[키즈/어린이],260만,15억6122만,"1,478개"
장삐쭈,[영화/만화/애니],260만,9억7606만,305개
딩고 뮤직 / dingo music,[TV/방송],260만,8억8428만,"1,385개"
tzuyang쯔양,[음식/요리/레시피],257만,257만,1개
imlisarhee,[음악/댄스/가수],256만,3억2081만,454개
(G)I-DLE (여자)아이들 (Official YouTube Channel),[음악/댄스/가수],254만,5억2348만,115개
PLAYLIST ORIGINALS 플레이리스트 오리지널,[TV/방송],254만,8억0419만,526개
ToyFamily,[키즈/어린이],252만,14만,25개
도티 TV,[게임],251만,25억9768만,"3,198개"
한세HANSE,[음식/요리/레시피],250만,3억1020만,545개
Thankyou BUBU,[취미/라이프],250만,3억2974만,127개
옛드 : 옛날 드라마 [드라맛집],[TV/방송],245만,40억9158만,"45,267개"
헤이지니 Hey Jini,[키즈/어린이],244만,14억0108만,971개
창현거리노래방,[음악/댄스/가수],239만,2억2350만,602개
솔라시도 solarsido,[TV/방송],238만,1억2577만,154개
밴쯔,[음식/요리/레시피],233만,6억2210만,663개
나도Nado,[음식/요리/레시피],231만,5억1886만,561개
United CUBE (CUBE Entertainment Official YouTube Channel),[음악/댄스/가수],230만,6억6679만,"1,509개"
ASMR PPOMO,[취미/라이프],229만,5억6378만,409개
총몇명,[영화/만화/애니],229만,5억7631만,233개
RISABAE,[패션/미용],226만,2억3498만,322개
와썹맨-Wassup Man,[BJ/인물/연예인],223만,2억4059만,134개
보라미 TV Borami TV,[키즈/어린이],221만,7억3695만,748개
GIRLS' GENERATION,[음악/댄스/가수],220만,876만,49개
채널 십오야,[TV/방송],220만,2억4793만,187개
VIVA DANCE STUDIO,[BJ/인물/연예인],219만,3억5536만,"1,411개"
꿀키honeykki,[음식/요리/레시피],215만,2억5310만,399개
MariAndFriends,[키즈/어린이],215만,12억5111만,"1,559개"
공대생 변승주 DS,[BJ/인물/연예인],215만,11억6356만,"1,333개"
또봇 V · 메탈리온 [Tobot V · Metalions],[키즈/어린이],214만,25억6121만,"1,704개"
팬케이Pan K The Pancake Artist,[취미/라이프],212만,5억5357만,490개
TREASURE (트레저),[음악/댄스/가수],211만,2억2402만,136개
JAY PARK,[음악/댄스/가수],211만,4억5923만,135개
JOLLY,[BJ/인물/연예인],210만,4억0150만,293개
โหนกระแส (Hone-Krasae) Official,[미분류],209만,4억9745만,906개
tvN D ENT,[TV/방송],209만,30억5748만,"10,021개"
NCT 127,[음악/댄스/가수],207만,8333만,150개
흔한남매,[BJ/인물/연예인],207만,14억6498만,580개
자이언트 펭TV,[키즈/어린이],204만,2억9617만,255개
4Minute 포미닛(Official YouTube Channel),[음악/댄스/가수],203만,10억7977만,82개
캐리TV,[키즈/어린이],202만,23억9361만,"2,421개"
퇴경아 약먹자,[TV/방송],201만,3억0161만,626개
Toy Wizard [토이위자드],[키즈/어린이],200만,7억5191만,753개
TV CHOSUN,[뉴스/정치/사회],199만,32억5529만,"53,632개"
YTN news,[뉴스/정치/사회],197만,38억0171만,"492,791개"
디바제시카DeevaJessica,[교육/강의],196만,7억2718만,"2,735개"
레이디버그TV,[영화/만화/애니],194만,9억3670만,248개
The World of Dave데이브,[교육/강의],193만,4억2548만,570개
잠뜰 TV,[게임],192만,19억6676만,"2,434개"
수리노을SuriNoel,[애완/반려동물],190만,6억0137만,947개
EXID_OFFICIAL,[음악/댄스/가수],189만,5억7084만,332개
런닝맨 - 스브스 공식 채널,[TV/방송],188만,21억1641만,"52,730개"
뉴욕이랑 놀자,[키즈/어린이],188만,8억8411만,634개
감스트GAMST,[게임],187만,10억4792만,"4,269개"
tvN D STORY,[TV/방송],184만,4억2504만,874개
official IZ*ONE,[음악/댄스/가수],183만,2억5772만,189개
미니팡TV,[키즈/어린이],182만,11억3526만,412개
AKMU,[음악/댄스/가수],182만,3억7183만,92개
엔조이커플enjoycouple,[BJ/인물/연예인],182만,5억0038만,414개
올리버쌤,[교육/강의],181만,3억2525만,547개
꾹TV(Kkuk TV),[키즈/어린이],180만,9억5228만,"1,223개"
SBS ENTER PLAY,[TV/방송],179만,12억5030만,"2,977개"
5 분 Tricks,[음식/요리/레시피],179만,5억6451만,"2,943개"
woolliment,[음악/댄스/가수],178만,6억2168만,608개
CHEN,[음악/댄스/가수],177만,2528만,10개
대도서관TV (buzzbean11),[게임],177만,13억3891만,"8,574개"
악동 김블루,[게임],177만,7억1735만,588개
꼬마버스 타요,[키즈/어린이],175만,13억2313만,"1,972개"
EBSDocumentary (EBS 다큐),[TV/방송],175만,16억0313만,"25,607개"
OfficialGDRAGON,[음악/댄스/가수],175만,0,0개
해그린달 haegreendal,[BJ/인물/연예인],174만,6250만,53개
양띵 유튜브,[게임],173만,17억7624만,"6,764개"
최고다윽박EUGBAK,[음식/요리/레시피],173만,7억2762만,"1,385개"
보물섬,[BJ/인물/연예인],173만,8억2935만,348개
여자친구 GFRIEND OFFICIAL,[음악/댄스/가수],172만,2억4354만,388개
NCT DREAM,[미분류],171만,2989만,96개
JTBC Voyage,[TV/방송],171만,16억7762만,"4,119개"
SUPER JUNIOR,[음악/댄스/가수],171만,1061만,92개
더블비,[BJ/인물/연예인],170만,7억8747만,383개
슈기님,[음식/요리/레시피],170만,5억9363만,"1,360개"
ASMR Suna 꿀꿀선아,[음식/요리/레시피],169만,3억6110만,291개
HONG SOUND,[음식/요리/레시피],166만,3억2707만,928개
김재원의 즐거운 세상,[게임],164만,13억7268만,"1,457개"
보길 bogil,[TV/방송],163만,5억7818만,"1,014개"
셀프어쿠스틱selfacoustic,[음악/댄스/가수],163만,3억2181만,132개
Dollightful,[키즈/어린이],162만,2억3386만,128개
채널 NCT DANCE,[음악/댄스/가수],161만,1억1822만,41개
채널 NCT MUSIC,[음악/댄스/가수],160만,9117만,28개
밀키복이탄이MilkyBokiTan,[애완/반려동물],160만,3억5885만,210개
ssin 씬님,[패션/미용],159만,4억2294만,641개
Edu car toy school,[키즈/어린이],155만,7억8532만,"1,193개"
BTOB 비투비 (Official YouTube Channel),[음악/댄스/가수],155만,2억8637만,364개
뜨뜨뜨뜨,[게임],154만,5억6490만,"1,155개"
조재원,[TV/방송],154만,3억3307만,206개
Wishtrend TV,[패션/미용],153만,1억1865만,738개
밝은 면 Bright Side Korea,[IT/기술/컴퓨터],153만,3억3491만,"2,301개"
태경 TV,[게임],153만,19억6929만,"2,231개"
철구형 (CHULTUBE),[BJ/인물/연예인],152만,12억6460만,"6,929개"
사나이 김기훈,[BJ/인물/연예인],152만,4억7848만,543개
콬TV,[TV/방송],152만,4억3680만,633개
슈앤트리 SHU AND TREE,[애완/반려동물],152만,2억8407만,257개
ATEEZ,[TV/방송],150만,7059만,208개
"토닥토닥 꼬모 - 애니메이션, 동요, 놀이",[키즈/어린이],150만,13억6333만,699개
[Nareum_TV] 나름TV,[음식/요리/레시피],150만,4억8462만,752개
엠브로 MBRO,[음식/요리/레시피],149만,4억8607만,"1,094개"
Leesuhyun,[패션/미용],148만,6058만,87개
DJ SODA OFFICIAL,[음악/댄스/가수],146만,1억9772만,142개
브라보키즈_BRAVO KIDS,[키즈/어린이],146만,14억6413만,"1,613개"
Imaginative Guy,[취미/라이프],146만,4억5331만,107개
ITSub잇섭,[IT/기술/컴퓨터],146만,3억6805만,640개
흥삼,[음식/요리/레시피],146만,6억6880만,"1,185개"
야미보이 Yummyboy,[음식/요리/레시피],145만,5억5312만,635개
[wonderkids TV] 원더키즈 TV,[키즈/어린이],145만,5억8904만,844개
International Couple[사샤와 제이],[BJ/인물/연예인],145만,1억2737만,92개
Donam도남이먹방,[음식/요리/레시피],144만,4억1925만,668개
JerryPop,[음식/요리/레시피],144만,4억9355만,384개
OfficialLEEHI,[음악/댄스/가수],143만,2억5493만,94개
버블디아,[음악/댄스/가수],143만,3억5251만,"1,108개"
ARIKITCHEN (아리키친),[음식/요리/레시피],143만,3억1083만,395개
칩chip,[음식/요리/레시피],142만,1억4743만,33개
SHINee,[음악/댄스/가수],141만,1067만,62개
입짧은햇님,[음식/요리/레시피],141만,4억7367만,"2,060개"
Allblanc TV,[스포츠/운동],140만,1억3492만,210개
JTBC News,[뉴스/정치/사회],140만,15억7374만,"91,379개"
Solfa,[TV/방송],140만,2억3187만,53개
The Wiggles,[해외],139만,17억6654만,483개
비몽,[음악/댄스/가수],139만,7억1507만,"4,576개"
덕대-DD film,[키즈/어린이],139만,6억1291만,"1,502개"
급식왕,[BJ/인물/연예인],138만,11억9511만,468개
K-Tigers TV,[음악/댄스/가수],138만,1억8240만,402개
채널A Home,[뉴스/정치/사회],137만,15억2674만,"16,085개"
NU'EST,[음악/댄스/가수],137만,1억8150만,494개
Aejeong ASMR 애정,[음식/요리/레시피],136만,1억6086만,248개
지니키즈 Genikids (인기 동요・동화),[키즈/어린이],136만,9억8482만,"1,244개"
웃소 Wootso,[BJ/인물/연예인],136만,9억5836만,546개
BEAST 비스트 (Official YouTube Channel),[음악/댄스/가수],135만,5억5543만,118개
NCT,[음악/댄스/가수],134만,2610만,123개
정선호,[BJ/인물/연예인],134만,4억2870만,336개
lamuqe,[패션/미용],133만,1억1117만,251개
딩고 스토리 / dingo story,[TV/방송],133만,2억7151만,316개
DAY6,[음악/댄스/가수],132만,5942만,263개
내셔널지오그래픽 - National Geographic Korea,[애완/반려동물],132만,5억0930만,"2,642개"
뉴욕이랑 브이로그,[키즈/어린이],131만,4억5681만,434개
NALU,[BJ/인물/연예인],131만,9497만,139개
dingo freestyle,[TV/방송],131만,5억8586만,666개
박막례 할머니 Korea Grandma,[BJ/인물/연예인],131만,3억1902만,343개
MLD ENTERTAINMENT,[음악/댄스/가수],130만,4억9144만,387개
AOA (에이오에이),[음악/댄스/가수],130만,5억2564만,186개
SPOTV,[스포츠/운동],130만,8억7162만,"39,180개"
신의한수,[뉴스/정치/사회],129만,9억3303만,"6,818개"
턱형 (GOD-TUK),[BJ/인물/연예인],128만,4억1353만,493개
ZOEY ASMR 조이,[음식/요리/레시피],127만,2억8441만,442개
BLACKHAND,[TV/방송],127만,2억9731만,46개
악어 유튜브,[게임],127만,12억4520만,"5,610개"
EBSCulture (EBS 교양),[뉴스/정치/사회],126만,9억8214만,"38,974개"
The K-POP,[음악/댄스/가수],126만,3억1285만,"5,346개"
조효진 HYOJIN,[패션/미용],126만,1억2363만,294개
SBS Catch,[뉴스/정치/사회],125만,11억1768만,"2,366개"
RealVIXX,[음악/댄스/가수],125만,3억4213만,713개
탱구TV,[취미/라이프],125만,4019만,27개
Shoot for Love 슛포러브,[스포츠/운동],125만,5억6922만,620개
Chuther츄더[문에스더],[음악/댄스/가수],124만,1억3774만,107개
Apink (에이핑크),[음악/댄스/가수],124만,2억6827만,581개
Daily Busking,[음악/댄스/가수],124만,4억8223만,951개
STUDIO CHOOM [스튜디오 춤],[미분류],123만,3억1044만,295개
KBS 한국방송,[TV/방송],122만,11억2851만,"25,993개"
스윗더미 . Sweet The MI,[음식/요리/레시피],122만,1억1375만,318개
KBS Drama Classic,[뉴스/정치/사회],121만,10억8440만,"8,783개"
PENTAGON 펜타곤 (Official YouTube Channel),[음악/댄스/가수],121만,9362만,178개
산적TV 밥굽남,[음식/요리/레시피],121만,1억9028만,397개
재넌Jaenune,[게임],121만,5억5616만,"1,037개"
헬로카봇 - hello carbot official,[키즈/어린이],120만,9억9404만,962개
애주가TV참PD,[음식/요리/레시피],120만,4억4051만,895개
수상한녀석들,[BJ/인물/연예인],120만,2억2747만,161개
다또아Daddoa,[패션/미용],119만,8700만,171개
회사원A,[패션/미용],119만,3억4201만,417개
JAYKEEOUT x VWVB,[BJ/인물/연예인],119만,1억3895만,191개
PLAYY ANI 플레이애니,[영화/만화/애니],118만,4억3202만,576개
동네놈들,[TV/방송],118만,2억1136만,184개
Dingo K-Beauty,[TV/방송],118만,3억3482만,330개
Mera,[TV/방송],118만,10억2233만,"7,529개"
DICKHUNTER딕헌터🌶,[음식/요리/레시피],118만,2억4944만,243개
피키픽처스 Piki Pictures,[TV/방송],118만,4억1061만,561개
KBS HUMAN: 뭉클티비,[TV/방송],117만,4억9568만,"1,593개"
MKTV 김미경TV,[TV/방송],117만,1억9933만,"1,359개"
Lia Kim,[BJ/인물/연예인],117만,6310만,50개
FoodieBoy 푸디보이,[음식/요리/레시피],117만,4억4269만,917개
DOJIN도진이,[음악/댄스/가수],116만,5198만,30개
사람사는세상노무현재단,[뉴스/정치/사회],116만,1억0485만,655개
CJ ENM,[TV/방송],115만,16억8531만,"14,899개"
사물궁이 잡학지식,[교육/강의],115만,1억4299만,204개
꽈뚜룹 Quaddurup,[BJ/인물/연예인],115만,2억1456만,437개
T1 Faker,[게임],114만,1억6426만,"1,086개"
FNCEnt,[음악/댄스/가수],114만,2억2455만,"1,336개"
"안구정화TV, Your Korean Friend",[TV/방송],114만,7434만,114개
강형욱의 보듬TV - Dog Trainer Kang,[애완/반려동물],114만,1억8616만,745개
성수커플 - S.S Couple,[BJ/인물/연예인],114만,3억0860만,353개
지무비 : G Movie,[영화/만화/애니],114만,3억3538만,167개
티디키즈 by 지니키즈,[키즈/어린이],113만,6억3900만,294개
디스커버리 서바이벌 - Discovery Survival,[TV/방송],113만,2억2859만,204개
Boys Playtime,[키즈/어린이],113만,4억5976만,289개
Lemoring,[음악/댄스/가수],112만,3억8004만,381개
섭이는못말려,[BJ/인물/연예인],112만,4억3940만,"1,132개"
loonatheworld,[음악/댄스/가수],111만,3억4542만,857개
고몽,[영화/만화/애니],111만,4억1275만,363개
GENIE MUSIC,[음악/댄스/가수],111만,3억4614만,"3,263개"
테스터훈 TesterHoon,[게임],111만,6억1034만,"2,003개"
Prepix Dance Studio,[음악/댄스/가수],110만,2억1609만,"3,111개"
UPVOTE Entertainment,[음악/댄스/가수],109만,2억4334만,"1,294개"
신세경 sjkuksee,[BJ/인물/연예인],108만,3416만,28개
신세경 sjkuksee,[TV/방송],108만,3416만,28개
빅마블,[음악/댄스/가수],108만,1292만,12개
휘트니 whitney bae,[취미/라이프],108만,2억6329만,318개
츄팝,[취미/라이프],108만,4억4939만,442개
티캐스트 tcast,[TV/방송],107만,11억7793만,"8,703개"
미니카 Minicar,[키즈/어린이],107만,6억1027만,"1,639개"
파뿌리,[음식/요리/레시피],107만,6억4500만,"1,127개"
Sibongtv 시봉tv,[BJ/인물/연예인],107만,5629만,175개
소근커플 S.K.Couple,[BJ/인물/연예인],107만,3억2662만,336개
얌무YAMMoo,[음식/요리/레시피],106만,1억8043만,572개
Cheri Hyeri 체리 혜리,[BJ/인물/연예인],106만,1억4083만,312개
마이린 TV,[키즈/어린이],105만,6억2549만,"1,929개"
official A.C.E,[음악/댄스/가수],105만,1억1611만,451개
SOF,[음식/요리/레시피],104만,3억5163만,"1,469개"
우왁굳의 게임방송,[게임],104만,6억8281만,"6,957개"
릴카,[게임],104만,2억8466만,705개
핫도그TV,[음식/요리/레시피],104만,5억3192만,717개
유정호tv,[TV/방송],103만,1억9998만,241개
Tooniverse-투니버스,[영화/만화/애니],103만,7억1500만,"4,662개"
써니채널 Sunny's Channel,[패션/미용],103만,9387만,160개
맛있는 녀석들 (Tasty Guys),[음식/요리/레시피],103만,10억0517만,"2,583개"
HANA 김하나,[TV/방송],103만,3억1764만,677개
tvN D CLASSIC,[뉴스/정치/사회],102만,19억5597만,"13,844개"
워너뮤직코리아 (Warner Music Korea),[음악/댄스/가수],102만,5억6284만,"1,812개"
ondo온도,[BJ/인물/연예인],102만,9452만,123개
공부의신 강성태,[교육/강의],102만,2억2299만,"2,362개"
겜브링 GGAM BRING,[게임],102만,9억6231만,"1,749개"
야식이,[음식/요리/레시피],101만,3억1948만,"1,060개"
신사임당,[주식/경제/부동산],101만,9728만,586개
MBN Entertainment,[TV/방송],101만,8억5723만,"17,943개"
sankok esl,[TV/방송],101만,2억5755만,100개
SBS 뉴스,[뉴스/정치/사회],101만,14억5808만,"87,768개"
진성호방송,[뉴스/정치/사회],101만,6억7595만,"4,041개"
깨비키즈 [KEBIKIDS],[키즈/어린이],101만,10억4732만,"1,539개"
야식이,[음식/요리/레시피],101만,3억1948만,"1,060개"
ETTV 이티티비,[음식/요리/레시피],100만,4억2531만,719개
2pm,[음악/댄스/가수],100만,2억9574만,343개
세바시 강연 Sebasi Talk,[뉴스/정치/사회],100만,1억9796만,"1,744개"
SBS STORY,[뉴스/정치/사회],99만,12억5464만,"75,985개"
Dingo K-Drama,[TV/방송],99만,1억6957만,400개
효기심,[취미/라이프],99만,1억1069만,154개
ColorMonsters Toy,[취미/라이프],99만,5억4257만,"1,041개"
킴성태TV,[게임],99만,5억3272만,"1,322개"
SK telecom,[TV/방송],99만,8억0268만,"2,169개"
코이티비KOITV,[국내/해외/여행],99만,4억7468만,857개
캐릭온 TV,[키즈/어린이],99만,11억8325만,567개
(MUTUBE)와꾸대장봉준,[BJ/인물/연예인],99만,7억2866만,"7,686개"
딩고 / dingo,[TV/방송],98만,3억0292만,610개
우주하마,[게임],98만,3억3184만,"1,523개"
크집사,[애완/반려동물],98만,6751만,141개
rappeler하쁠리,[취미/라이프],98만,3억4735만,654개
테드TV,[게임],97만,7억0046만,"1,844개"
ONEUS,[음악/댄스/가수],97만,7353만,206개
쁘허,[게임],96만,2억9129만,805개
KBS News,[뉴스/정치/사회],96만,10억1741만,"145,515개"
김시선,[영화/만화/애니],96만,2억8774만,282개
지현꿍,[음식/요리/레시피],96만,5823만,41개
PLEDIS ENTERTAINMENT,[음악/댄스/가수],96만,2억6233만,238개
기리TV,[게임],96만,8억0218만,"2,427개"
YGTAEYANG,[음악/댄스/가수],96만,3934만,26개
텔론,[게임],96만,7억1333만,"2,430개"
Talk To Me In Korean,[교육/강의],96만,4814만,"1,638개"
A-YEON,[음악/댄스/가수],95만,9122만,41개
윤쨔미 YoonCharmi,[패션/미용],95만,2억2490만,309개
유병재,[TV/방송],95만,9713만,90개
eaJ,[TV/방송],95만,2562만,29개
MOVE Dance Studio 무브댄스학원,[음악/댄스/가수],94만,1억7445만,"4,558개"
채널A 뉴스,[뉴스/정치/사회],94만,10억3913만,"52,662개"
임영웅,[BJ/인물/연예인],93만,3억8345만,452개
seemile Korean 씨마일 한국어,[교육/강의],93만,7884만,"1,089개"
Boram Tube Friends,[키즈/어린이],93만,718만,73개
Coreaníssima 엘레나,[TV/방송],93만,5044만,116개
CheezeFilm,[영화/만화/애니],93만,2억2851만,149개
TJ KARAOKE TJ 노래방 공식 유튜브채널,[음악/댄스/가수],93만,9억1386만,"43,020개"
TBS 시민의방송,[뉴스/정치/사회],93만,5억8233만,"30,431개"
TV램램,[게임],93만,6억2270만,"1,841개"
Squash Clay 쪼물쪼물 클레이,[취미/라이프],92만,1억3710만,415개
김이브님 [kim eve],[TV/방송],92만,6억2294만,"2,798개"
JoyKids,[키즈/어린이],92만,4억9887만,137개
마재TV,[게임],92만,5억1527만,"3,425개"
CLC 씨엘씨 (Official YouTube Channel),[음악/댄스/가수],91만,1억5756만,150개
띠미 ddimmi,[BJ/인물/연예인],91만,2억7967만,593개
오킹TV,[TV/방송],91만,2억4928만,888개
LICO TV,[영화/만화/애니],91만,1억1830만,184개
V LIVE,[TV/방송],91만,6억1291만,"2,244개"
DinoCore TUBA,[영화/만화/애니],91만,6억0867만,854개
CNBLUE (씨엔블루),[음악/댄스/가수],90만,1억6518만,164개
배꼽빌라,[TV/방송],90만,2억1498만,258개
비디오머그 - VIDEOMUG,[뉴스/정치/사회],90만,13억1975만,"4,429개"
아내의 식탁 Wife's Cuisine,[음식/요리/레시피],90만,6207만,297개
woojoo우주,[키즈/어린이],90만,2억7340만,85개
법륜스님의 즉문즉설,[교육/강의],89만,5억7267만,"1,625개"
유준호,[BJ/인물/연예인],89만,3억3800만,"1,055개"
코너Korner,[게임],89만,4억4276만,475개
유라야놀자(Let's play YURA),[키즈/어린이],89만,10억8901만,"1,260개"
일반인들의 소름돋는 라이브 / Best covers,[음악/댄스/가수],89만,3억1263만,"3,273개"
MBCNEWS,[뉴스/정치/사회],89만,13억8871만,"87,228개"
남순 NS,[BJ/인물/연예인],89만,7억1551만,"3,300개"
밍꼬발랄Mingggo,[TV/방송],88만,8억5389만,646개
jannahkorea,[교육/강의],88만,4757만,319개
드림텔러(DreamTeller),[영화/만화/애니],88만,3억6599만,413개
연다,[게임],88만,4억0428만,"1,468개"
울산큰고래 박성주,[게임],87만,5억9786만,"3,424개"
SUPER SOUND Bugs!,[음악/댄스/가수],87만,5억4391만,"2,417개"
이환,[TV/방송],87만,3억0189만,405개
Jessi,[음악/댄스/가수],87만,7528만,38개
소녀의행성 Girlsplanet,[애완/반려동물],87만,2억3402만,284개
이슈텔러 issueTeller,[TV/방송],87만,3억3276만,461개
U.M.A.우마,[BJ/인물/연예인],87만,1억7624만,127개
제이제이살롱드핏,[취미/라이프],86만,1억2447만,329개
haha ha,[애완/반려동물],86만,2억3106만,315개
슈카월드,[교육/강의],86만,1억0633만,646개
TSENT2008,[음악/댄스/가수],85만,3억6918만,445개
B Man 삐맨,[영화/만화/애니],85만,3억6941만,401개
MORE THAN YOUTH,[음악/댄스/가수],85만,1억8111만,539개
승우아빠,[음식/요리/레시피],85만,1억4952만,440개
디렉터 파이,[패션/미용],85만,1억0166만,226개
삼대장 Samdaejang,[음식/요리/레시피],85만,3억9129만,856개
Rock Music,[음악/댄스/가수],84만,4억5263만,"7,687개"
CL,[음악/댄스/가수],84만,5247만,5개
선미 SUNMI,[음악/댄스/가수],84만,5168만,106개
달려라치킨 Dalchi,[취미/라이프],84만,2억0098만,533개
KBS CoolFM,[TV/방송],84만,4억2952만,"6,981개"
놀면 뭐하니?,[TV/방송],83만,1억8638만,333개
말왕TV,[스포츠/운동],83만,2억5505만,812개
missA,[음악/댄스/가수],83만,3억2296만,49개
쿠쿠크루 - Cuckoo Crew,[BJ/인물/연예인],82만,4억1586만,536개
머독방송,[게임],82만,6억3868만,"11,297개"
뚜아뚜지TV,[키즈/어린이],82만,2억7003만,964개
HOLLAND,[음악/댄스/가수],82만,2854만,37개
달빛뮤즈,[영화/만화/애니],82만,1억2804만,263개
뽐뽐뽐,[음식/요리/레시피],81만,5320만,126개
StimBoy스팀보이,[BJ/인물/연예인],81만,3억6248만,647개
한별Hanbyul,[패션/미용],81만,1억1786만,256개
Jella젤라,[패션/미용],81만,5142만,167개
리틀조이 LittleJoy,[키즈/어린이],81만,2억2037만,159개
Saerom Min개코의 오픈스튜디오,[패션/미용],81만,6912만,106개
Jenny Yun,[음악/댄스/가수],81만,1억0544만,506개
ALiEN,[음악/댄스/가수],81만,1억4755만,230개
SUNBA선바,[BJ/인물/연예인],81만,6억3863만,"1,892개"
정브르,[애완/반려동물],81만,3억1919만,"1,175개"
areumsongee아름송이,[패션/미용],81만,7225만,198개
공대생가족 GDSF,[취미/라이프],81만,2억8410만,"1,091개"
오분순삭,[TV/방송],80만,5억6095만,951개
토깽이네,[키즈/어린이],80만,6억6097만,"1,133개"
잉여맨 유튜브,[게임],80만,5억8340만,"1,634개"
HyunA 현아 (Official YouTube Channel),[음악/댄스/가수],80만,8831만,10개
BenDeen,[음식/요리/레시피],80만,6868만,176개
Chihun ASMR 치훈,[음식/요리/레시피],79만,1억2345만,199개
THE BOYZ,[음악/댄스/가수],79만,6976만,391개
문명특급 - MMTG,[TV/방송],79만,1억0196만,127개
키에커,[TV/방송],79만,1억4365만,106개
AOMGOFFICIAL,[음악/댄스/가수],79만,1억8813만,257개
Megan Bowen,[TV/방송],79만,1억1979만,489개
STUDIO DIA 스튜디오 다이아,[TV/방송],79만,1억9152만,486개
한문철 TV,[TV/방송],79만,4억9138만,"7,699개"
UNA 유나,[패션/미용],79만,5474만,119개
띠예,[음식/요리/레시피],79만,7357만,36개
딴지방송국,[뉴스/정치/사회],79만,1억3471만,535개
압둘알리과로사,[게임],78만,1억4583만,269개
puuung,[영화/만화/애니],78만,3436만,274개
윰댕(yum-cast),[음식/요리/레시피],78만,5억1126만,"3,115개"
리아루아 LIALUA,[패션/미용],78만,2억0272만,342개
YG TREASURE BOX,[TV/방송],78만,1억9106만,496개
Sophie Kim _하은,[국내/해외/여행],78만,2593만,119개
퍼플 토이박스(Purple Toy Box),[키즈/어린이],78만,4억8433만,"1,272개"
체인지 그라운드,[교육/강의],78만,1억2195만,"2,286개"
뉴스TVCHOSUN,[뉴스/정치/사회],77만,6억2351만,"57,729개"
외질혜 (OzilTube),[BJ/인물/연예인],77만,4억3799만,"1,584개"
수빙수tv sooBingsoo,[미분류],77만,1억5192만,143개
침착맨,[게임],77만,3억8636만,"5,548개"
신인균의 국방TV,[뉴스/정치/사회],77만,2억9037만,"1,051개"
빨강도깨비,[영화/만화/애니],77만,2억8540만,283개
라이브 아카데미,[교육/강의],77만,6234만,365개
힙으뜸,[스포츠/운동],77만,9606만,216개
Bandung Oppa 반둥오빠,[취미/라이프],77만,7026만,293개
Kim Miso,[취미/라이프],77만,3478만,159개
혜안,[게임],76만,1억7551만,518개
취미로 요리하는 남자 Yonam,[음식/요리/레시피],76만,4832만,50개
먹어볼래TryToEat,[음식/요리/레시피],76만,8920만,121개
군림보,[게임],75만,4억0567만,"4,509개"
yeondukong 연두콩,[패션/미용],75만,9178만,330개
김왼팔,[게임],75만,3억7430만,"1,772개"
대륙남TV [clark tv],[BJ/인물/연예인],75만,3억7375만,"2,730개"
TNT,[해외],75만,4억4100만,"4,046개"
Mimine Miniature 미미네 미니어쳐,[취미/라이프],74만,1억4884만,163개
러너꽃빈TV,[게임],74만,5억6295만,"3,005개"
써리의 영상툰 SSULY TOON,[영화/만화/애니],74만,4억5404만,870개
SBS Radio 에라오,[뉴스/정치/사회],74만,4억1005만,"15,130개"
액션홍구,[게임],74만,4억0285만,"2,670개"
MUPLY 뮤플리,[음악/댄스/가수],74만,1억2834만,227개
슛뚜sueddu,[BJ/인물/연예인],74만,3087만,133개
약사가 들려주는 약 이야기,[IT/기술/컴퓨터],74만,7858만,404개
sunnydahye,[패션/미용],74만,4812만,334개
14F 일사에프,[TV/방송],73만,1억6556만,"1,425개"
케이,[BJ/인물/연예인],73만,4억0524만,"2,928개"
Dreamcatcher official,[음악/댄스/가수],73만,1억0329만,239개
"고고다이노- GOGO DINO, 고고 티비, GoGoTV",[키즈/어린이],73만,5억0459만,737개
슈스스TV,[패션/미용],73만,8596만,199개
리모콘 by iHQ,[TV/방송],72만,6억8002만,"4,721개"
액션 Action,[키즈/어린이],72만,3억4256만,"1,563개"
삼프로TV_경제의신과함께,[주식/경제/부동산],72만,1억1698만,"2,271개"
kiu기우쌤,[패션/미용],72만,1억2794만,221개
헤이즐 Heizle,[패션/미용],72만,6337만,257개
ALL THE K-JAM 올더케이잼,[음악/댄스/가수],72만,5억9963만,"9,564개"
스튜디오 룰루랄라- studio lululala,[TV/방송],72만,1억7569만,817개
최자로드-CHOIZAROAD,[미분류],71만,1억1103만,584개
1분과학,[IT/기술/컴퓨터],71만,6162만,56개
스페셜솔져 - 모바일FPS,[게임],71만,1504만,137개
냥이아빠,[애완/반려동물],71만,1억6197만,299개
ToyMoon토이문,[키즈/어린이],71만,2억6128만,251개
난쟁이성현,[BJ/인물/연예인],71만,1억5711만,543개
달라스튜디오,[TV/방송],71만,2507만,12개
wondergirls,[음악/댄스/가수],71만,3억3872만,217개
돼지저금통,[게임],71만,9억9887만,"4,978개"
Variety,[해외],71만,3억4223만,"3,620개"
라이프타임,[TV/방송],71만,2억5030만,"1,213개"
에바EVA,[패션/미용],71만,8757만,257개
POWER MOVIE,[TV/방송],71만,1억7478만,191개
나혼자산다 STUDIO,[TV/방송],70만,1억2376만,152개
BRANDNEW MUSIC,[음악/댄스/가수],70만,1억6705만,"1,087개"
지호토이TV JIHOTOY,[키즈/어린이],70만,5억4522만,"1,834개"
9bul,[영화/만화/애니],69만,1억8574만,189개
B1A4 OFFICIAL +,[음악/댄스/가수],69만,1억5636만,267개
브레드이발소,[키즈/어린이],69만,2억4502만,385개
sNack!,[TV/방송],69만,4억6677만,"1,541개"
z a m,[TV/방송],69만,3억9755만,"1,559개"
LENA,[패션/미용],69만,1억3213만,136개
DanoTV,[취미/라이프],69만,1억0923만,478개
채꾸똥꾸 (Cherry & Dong),[미분류],68만,1억2996만,172개
DaftTaengk,[음악/댄스/가수],68만,4억8357만,"5,086개"
문호준,[게임],68만,2억9639만,709개
권회훈,[음식/요리/레시피],68만,2억5018만,"1,058개"
마시따 MASITTA,[키즈/어린이],68만,3억9300만,184개
Beginagain 비긴어게인,[미분류],68만,1억8203만,395개
TEEN TOP Official,[음악/댄스/가수],68만,1억8028만,759개
속삭이는몽자,[애완/반려동물],68만,1억4082만,389개
Yoo's Beauty 희주,[패션/미용],68만,2296만,97개
간니닌니 다이어리,[키즈/어린이],68만,5억2574만,"1,571개"
임한올 Hanol Rim,[미분류],68만,4905만,110개
PARK JIHOON Official,[음악/댄스/가수],67만,2613만,87개
이라이라경 ravely,[TV/방송],67만,1억4022만,220개
DKDKTV,[음악/댄스/가수],67만,1억2446만,909개
강유미 yumi kang좋아서 하는 채널,[BJ/인물/연예인],67만,1억1861만,245개
KyunghaMIN ТВОЯ КОРЕЙСКАЯ ОННИ,[TV/방송],67만,5320만,276개
로즈하ROSEHA,[패션/미용],67만,6125만,151개
POYO Music Official,[키즈/어린이],67만,5억2109만,"1,200개"
MUSIC&NEW 뮤직앤뉴,[음악/댄스/가수],67만,7억1186만,"6,170개"
강 지,[게임],67만,3억2218만,778개
Ha Neul오늘의 하늘,[패션/미용],67만,9204만,242개
SISSEL,[미분류],67만,2652만,168개
SonyToby,[음악/댄스/가수],66만,6180만,72개
Travel Tube,[TV/방송],66만,5억7606만,"1,067개"
MBK Entertainment [Official],[음악/댄스/가수],66만,3억5175만,417개
개리형,[게임],66만,1억7337만,449개
OFFICIAL EPIK HIGH,[음악/댄스/가수],66만,1억1242만,182개
뿌직PPUJIG,[키즈/어린이],66만,4억1032만,383개
애니한TV AnnieHan,[키즈/어린이],65만,5억6478만,"1,050개"
MBC WORLD,[음악/댄스/가수],65만,4억8468만,"4,756개"
레바스튜디오,[TV/방송],65만,2억1580만,330개
SF9,[음악/댄스/가수],65만,2651만,179개
JK 아트사커 온라인,[스포츠/운동],65만,1억9401만,357개
다흑님,[애완/반려동물],65만,3억5132만,"1,990개"
미니미니 MiniMini,[취미/라이프],65만,2억6563만,314개
PANGKICK 팡킥,[TV/방송],65만,2억1490만,85개
로보카폴리 TV,[키즈/어린이],65만,3억4127만,817개
여정을떠난여정,[취미/라이프],65만,1억2744만,259개
가르마[GARMA],[음식/요리/레시피],65만,1억7698만,956개
• m i n a m o c h i •,[음악/댄스/가수],64만,2억5971만,118개
코코몽 COCOMONG TV - Cartoon & Song For Kids,[키즈/어린이],64만,7억8014만,"1,129개"
로이조 TV,[게임],64만,4억3672만,"2,392개"
채널A 뉴스TOP10,[뉴스/정치/사회],64만,4억9912만,"14,115개"
GIRL'S DAY,[음악/댄스/가수],64만,2억1898만,147개
이슈왕 TV,[미분류],64만,1억8760만,519개
펜앤드마이크TV,[뉴스/정치/사회],64만,4억2093만,"8,506개"
ZeeKay Junior,[해외],64만,6억7877만,725개
씨그널V [ Signal V ],[TV/방송],64만,2억8450만,732개
HYOLYN 효린,[음악/댄스/가수],64만,7985만,93개
코아 TV,[게임],64만,3억0592만,743개
제이제이,[TV/방송],64만,1억6047만,454개
타임스낵,[TV/방송],64만,1억1627만,151개
T1,[게임],63만,1억3685만,"2,375개"
닥터프렌즈,[교육/강의],63만,9081만,339개
법륜스님의 희망세상만들기,[교육/강의],63만,3억0589만,664개
람다람,[영화/만화/애니],63만,5332만,25개
집꾸미기 House Room Tour,[취미/라이프],63만,4716만,171개
조싀앤바믜 Josh & Bamui,[음악/댄스/가수],63만,1억5367만,171개
SIMI TV,[TV/방송],63만,6593만,49개
삼식,[게임],63만,2억1554만,"1,872개"
하얀트리HayanTree,[음식/요리/레시피],63만,1억7380만,454개
TV대정령,[게임],63만,6억2434만,"6,953개"
강민경,[TV/방송],63만,3872만,38개
HEADLINER,[음악/댄스/가수],62만,1억3697만,161개
Dear.Jérry 디어제리,[패션/미용],62만,3539만,128개
배승희 변호사,[뉴스/정치/사회],62만,1억4910만,801개
smile -wA-,[TV/방송],62만,4억6553만,"5,320개"
새벽,[패션/미용],62만,7494만,489개
엣지님,[BJ/인물/연예인],62만,1억9278만,"1,556개"
시미켄 TV,[TV/방송],62만,6369만,68개
LDF TV by lottedutyfree,[TV/방송],62만,5억1176만,"1,101개"
메카드 - MECARD OFFICIAL,[키즈/어린이],62만,4억6201만,"1,012개"
손오공,[키즈/어린이],62만,6억2534만,648개
서담SEODAM,[음식/요리/레시피],62만,9420만,164개
TongTongTv 통통컬처,[TV/방송],62만,4억4592만,"10,861개"
깨박이,[BJ/인물/연예인],62만,2억8260만,"1,106개"
ToyCheff,[키즈/어린이],62만,2억7524만,416개
장범준,[음악/댄스/가수],62만,1억3556만,268개
Toystar TV,[키즈/어린이],62만,2억1377만,55개
Rio y Christian,[TV/방송],62만,5336만,290개
옐언니,[TV/방송],61만,8396만,221개
UTZI웃지,[영화/만화/애니],61만,3억3692만,166개
Dorami,[게임],61만,1억3523만,998개
유키 YOUKI,[게임],61만,1억4277만,816개
Soy ASMR,[취미/라이프],61만,1억1764만,389개
퀸톨 TV,[게임],61만,4억0777만,"1,793개"
랭킹스쿨 Ranking School,[미분류],61만,2억2271만,422개
가로세로연구소,[뉴스/정치/사회],61만,2억8822만,"1,686개"
탁주 TV,[게임],61만,9억4553만,"1,673개"
영기TV,[미분류],61만,8575만,201개
쌈바홍 ssambahong,[TV/방송],61만,3812만,192개
TOP MEDIA,[미분류],60만,9419만,453개
옛능 : MBC 옛날 예능 다시보기,[TV/방송],60만,4억8014만,"1,165개"
이봉규TV,[뉴스/정치/사회],60만,2억8879만,"4,687개"
예씨 yessii,[BJ/인물/연예인],60만,2억9646만,631개
Bigman,[음악/댄스/가수],60만,4358만,43개
서넹,[게임],60만,2억0628만,"2,680개"
홀리 holy,[패션/미용],60만,1억2375만,423개
입시덕후,[교육/강의],60만,1억6962만,306개
형독방송,[게임],60만,4억6439만,"1,846개"
BELLA&LUCAS 벨라앤루카스,[음악/댄스/가수],60만,6037만,243개
금강연화,[패션/미용],60만,1억9078만,506개
Charming Jo 조매력,[게임],60만,1억3275만,924개
1등 미디어,[교육/강의],60만,2억2590만,398개
코니tv conitv,[TV/방송],59만,7022만,266개
김습습Double Soup,[패션/미용],59만,4214만,238개
더스쿱The SCOOP,[음식/요리/레시피],59만,8259만,406개
AshleyMariee,[해외],59만,5595만,"2,033개"
유소나,[게임],59만,1억7115만,598개
SINCOOK - 신쿡,[음식/요리/레시피],59만,9978만,432개
newstapa,[뉴스/정치/사회],59만,2억0504만,"3,515개"
리뷰엉이: Owl's Review,[영화/만화/애니],59만,2억3118만,369개
THE J,[교육/강의],59만,8919만,361개
FTISLAND (FT아일랜드),[음악/댄스/가수],58만,1억1652만,145개
샒의 삶Serim's life,[TV/방송],58만,1억5135만,454개
임창정,[음악/댄스/가수],58만,9837만,232개
GCL 지씨엘,[게임],58만,1억5858만,520개
WatchcarTV,[영화/만화/애니],58만,2억6311만,201개
스브스뉴스 SUBUSU NEWS,[뉴스/정치/사회],58만,4억8700만,"2,120개"
지니어드벤쳐GeniAdventure,[키즈/어린이],58만,5억7161만,596개
맛상무,[음식/요리/레시피],58만,1억9885만,"1,123개"
긱블 Geekble,[BJ/인물/연예인],58만,1억2237만,210개
김달,[TV/방송],58만,1억5440만,604개
오예커플스토리,[TV/방송],58만,8583만,151개
sini시니,[음식/요리/레시피],58만,1억9627만,562개
Robot Trains official,[키즈/어린이],58만,3억9528만,640개
소윤Soyoon,[패션/미용],58만,4836만,126개
CK Animation School_2016-2018,[영화/만화/애니],58만,1억7645만,700개
CarrieFriends 캐리와친구들,[키즈/어린이],58만,5억9055만,"1,327개"
会社員J,[패션/미용],58만,9899만,302개
뻑가 PPKKa,[TV/방송],58만,2억3353만,384개
우와한 비디오 X SBS 세상에 이런일이,[TV/방송],58만,6억6115만,854개
도영도영이,[패션/미용],58만,3459만,133개
Joan Kim,[미분류],58만,4570만,320개
다영 DAYEONG,[패션/미용],57만,7466만,347개
수탉,[게임],57만,2억3259만,"1,109개"
최홍철,[BJ/인물/연예인],57만,1억8714만,317개
MBN News,[뉴스/정치/사회],57만,6억2358만,"72,397개"
sojoong쏘야쭝아,[BJ/인물/연예인],57만,1억2967만,214개
김메주와 고양이들,[애완/반려동물],57만,1억6846만,829개
Unreal Engine,[미분류],57만,8938만,"1,517개"
Reynah,[음악/댄스/가수],57만,1억3476만,245개
Spinel CAM,[TV/방송],57만,5억9429만,"9,286개"
주니토니 동요동화 - 키즈캐슬,[키즈/어린이],57만,4억7421만,452개
ONSTYLE D,[TV/방송],57만,3억5195만,"8,397개"
미스&미스터트롯 공식계정,[회사/오피셜],57만,2억0234만,659개
tweety 트위티,[TV/방송],57만,4697만,101개
히스토리,[TV/방송],57만,3억1195만,"1,271개"
시바견 곰이탱이여우,[애완/반려동물],57만,2억1728만,948개
Arirang은 고양이들내가 주인,[애완/반려동물],57만,1억3868만,300개
찬우살이,[TV/방송],57만,1672만,93개
엠빅뉴스,[뉴스/정치/사회],57만,9억9019만,"2,945개"
KBS N,[TV/방송],56만,7억4783만,"12,470개"
Weki Meki 위키미키,[음악/댄스/가수],56만,8965만,152개
Q2HAN,[패션/미용],56만,5270만,623개
Official Dopa,[게임],56만,2억1069만,"1,022개"
바다곰조해웅SeaBear,[음식/요리/레시피],56만,9880만,277개
공돌이 용달,[TV/방송],56만,1억3726만,152개
KB국민카드,[회사/오피셜],56만,1억8796만,443개
여락이들_,[취미],56만,1억0615만,237개
ZAMSTER 잼스터,[TV/방송],56만,1억5097만,342개
우파푸른하늘Woopa TV,[자동차],56만,2억2857만,590개
leeanfilm리안,[패션/미용],56만,4088만,149개
눈쟁이,[게임],56만,1억9975만,"2,001개"
모비딕 Mobidic,[TV/방송],55만,1억7692만,979개
뉴스엔· NewsenTV·KOREA Entertainment news,[TV/방송],55만,1억8145만,"5,847개"
홍시네마,[영화/만화/애니],55만,1억5030만,105개
오마르의 삶,[TV/방송],55만,6706만,358개
Troom Troom Kr,[키즈/어린이],55만,3억0947만,"1,323개"
UNDERkg,[IT/기술/컴퓨터],55만,2억6062만,"2,133개"
다이아나Diana,[음악/댄스/가수],55만,1억4600만,"1,690개"
쏘대장,[미분류],55만,5536만,175개
Mellowbeat Seeker,[음악/댄스/가수],55만,673만,129개
연합뉴스TV,[뉴스/정치/사회],55만,6억9765만,"311,370개"
전옥현 안보정론TV,[뉴스/정치/사회],55만,1억4457만,"2,682개"
lEtudel,[음악/댄스/가수],55만,2억1698만,"3,137개"
Partition Zion,[게임],55만,2억1837만,900개
Clevr TV [클레버티비],[키즈/어린이],55만,4억5065만,"1,497개"
Trouble Maker (Official YouTube Channel),[음악/댄스/가수],54만,1억7384만,9개
God DongMin갓동민,[음악/댄스/가수],54만,8268만,976개
조선일보,[뉴스/정치/사회],54만,2억7870만,"12,056개"
[Flower pig]꽃돼지,[음식/요리/레시피],54만,1억7332만,"1,087개"
그렉형 Greg,[음악/댄스/가수],54만,3569만,201개
팩트TV NEWS,[뉴스/정치/사회],54만,3억8282만,"16,738개"
May J Lee 메이제이 리,[음악/댄스/가수],54만,2678만,31개
[THE SOY]루퐁이네,[미분류],54만,1억1390만,211개
의학채널 비온뒤,[IT/기술/컴퓨터],54만,9592만,"2,648개"
Korean Studio,[BJ/인물/연예인],54만,4542만,189개
NICKY니키,[TV/방송],53만,1억4373만,712개
LCK,[게임],53만,2억8693만,"2,338개"
똘킹,[게임],53만,3억4287만,"1,714개"
고성국TV,[뉴스/정치/사회],53만,2억1981만,"4,619개"
소개해주는 남자,[영화/만화/애니],53만,1억4035만,175개
TAU,[취미/라이프],53만,3억0125만,100개
저라뎃 JUSTLIKETHAT,[게임],53만,3억4233만,"2,404개"
DAISY 데이지,[패션/미용],53만,5575만,343개
한식푸우 Korean food,[음식/요리/레시피],53만,2억0381만,"1,421개"
JUNE,[게임],52만,3억6182만,"1,034개"
밍모,[게임],52만,2억9991만,"1,129개"
박서아TV,[BJ/인물/연예인],52만,7933만,253개
악녀,[게임],52만,2억4118만,"1,192개"
PRUMIR,[음식/요리/레시피],52만,1억1690만,602개
디렉터 짱구대디,[패션/미용],52만,1억3578만,"1,427개"
프레이 TV,[게임],52만,2억2193만,"1,013개"
쿠캣 - COOKAT,[음식/요리/레시피],52만,1억8528만,"1,552개"
OGN,[게임],52만,5억6230만,"26,950개"
Miniyu ASMR,[취미/라이프],52만,2억0331만,688개
키미 Kimi,[음식/요리/레시피],52만,3996만,195개
Team_SeikaTV(팀세이카),[음식/요리/레시피],52만,9469만,103개
비누TV,[게임],52만,3억5316만,"1,451개"
M드로메다,[TV/방송],52만,1억4438만,181개
INFINITE,[음악/댄스/가수],52만,1227만,122개
drighk fancam 2015,[TV/방송],52만,4억2812만,"7,381개"
KBS KONG,[뉴스/정치/사회],52만,1억9161만,"6,639개"
Mina's TV 미나네TV,[음악/댄스/가수],51만,1815만,107개
햄튜브,[미분류],51만,2억4491만,964개
ConCorea TV,[취미/라이프],51만,1210만,610개
진호,[게임],51만,2억2681만,"2,036개"
YUNI Marimba 유니 마림바,[음악/댄스/가수],51만,6324만,77개
뽀로로 타요 장난감 놀이교실,[키즈/어린이],51만,2억9754만,802개
MR엠알,[IT/기술/컴퓨터],50만,6067만,263개
오사원 Oh!sales,[미분류],50만,1억5204만,485개
Dragon Stone,[음악/댄스/가수],50만,2928만,131개
요리왕비룡 Korean Food Cooking,[BJ/인물/연예인],50만,7815만,389개
kimhyunjoong606,[음악/댄스/가수],50만,5187만,192개
골근위수영뷰티아카데미,[패션/미용],50만,3억4463만,288개
스타일가이드 최겨울,[패션/미용],50만,7911만,669개
ShareHows,[미분류],50만,1억2662만,908개
김성회의 G식백과,[게임],50만,7233만,138개
희철리즘Heechulism,[취미/라이프],50만,1억2365만,250개
VICTON 빅톤,[음악/댄스/가수],50만,7785만,476개
은하캠핑,[TV/방송],50만,8037만,129개
김나영의 nofilterTV,[취미/라이프],50만,7492만,214개
Mommy Son,[음악/댄스/가수],50만,6650만,37개
코코 TV,[BJ/인물/연예인],50만,358만,12개
Muggo,[음식/요리/레시피],50만,1억4836만,"1,074개"
최케빈,[게임],50만,4억8395만,"2,814개"
스튜디오V [ STUDIO V ],[TV/방송],49만,1억2838만,275개
석준이가해,[TV/방송],49만,1억0319만,160개
성제준TV,[뉴스/정치/사회],49만,8957만,490개
서울의 소리 The Voice of Seoul,[뉴스/정치/사회],49만,1억8875만,"4,960개"
쵸쵸우,[게임],49만,6297만,414개
혜서니,[미분류],49만,1억0922만,466개
티키틱 TIKITIK,[TV/방송],49만,8079만,115개
하늘이와 바다의 신나는 율동 동요 (SkySea.TV),[키즈/어린이],49만,2억8489만,131개
달마발 Darlim&Hamabal,[음악/댄스/가수],49만,1억0020만,133개
fantagio 판타지오,[TV/방송],49만,9796만,175개
황장수의 뉴스브리핑o,[뉴스/정치/사회],49만,3억9515만,"9,337개"
느낌적인느낌,[BJ/인물/연예인],49만,4284만,109개
매미킴 TV,[TV/방송],49만,9287만,182개
EBS 컬렉션 - 라이프스타일,[국내/해외/여행],49만,2억8397만,"2,451개"
KIMDAX킴닥스,[패션/미용],49만,5188만,345개
롤큐 LOLQ,[게임],49만,3억9409만,"2,644개"
아리둥절 Ari the Corgi,[애완/반려동물],49만,1억1375만,168개
남욱이의 욱기는 일상 KNW,[취미/라이프],49만,1억9219만,891개
샬이 Shal.E,[취미/라이프],49만,1762만,56개
Olive,[TV/방송],49만,4억8064만,"16,562개"
글자네 YouTube,[게임],48만,3억6335만,"2,829개"
STAR K,[TV/방송],48만,1억5677만,"7,026개"
상현아웃겨줘parksanghyun,[TV/방송],48만,1억3804만,307개
MAXIM KOREA,[TV/방송],48만,3억3143만,"2,099개"
뉴스타운TV,[뉴스/정치/사회],48만,1억0240만,"3,661개"
보이즈빌리지 [BOYS VILLAGE],[TV/방송],48만,2억4616만,554개
루태TV,[게임],48만,3억1760만,"2,913개"
단희TV,[주식/경제/부동산],48만,4682만,649개
깨방정,[미분류],47만,1억1899만,225개
채채ChaeChae,[BJ/인물/연예인],47만,1억2475만,338개
tvN 인사이트,[TV/방송],47만,1억4457만,"1,118개"
이설 Leeseol,[TV/방송],47만,3억2595만,"2,082개"
PianiCast - 피아니캐스트,[음악/댄스/가수],47만,9846만,138개
빠니보틀 Pani Bottle,[국내/해외/여행],47만,8248만,200개
AB6IX,[미분류],47만,1229만,126개
Today on the Korean Server,[게임],47만,4406만,488개
도아TV,[BJ/인물/연예인],47만,1억5413만,"1,402개"
두치와뿌꾸,[게임],47만,5억5227만,"8,411개"
차진혁,[미분류],47만,1억2595만,430개
각별,[게임],47만,1억3124만,188개
Drawing Hands,[취미/라이프],47만,6061만,259개
자몽티비,[게임],47만,3억5770만,"1,720개"
키다리형,[스포츠/운동],47만,8081만,"1,014개"
meejmuse,[패션/미용],47만,3455만,329개
TVXQ!,[음악/댄스/가수],47만,313만,42개
노래하는코트,[음악/댄스/가수],47만,2억3910만,"2,102개"
코리안브로스 KOREAN BROS ENT,[미분류],47만,1억8762만,575개
소진소진,[취미/라이프],47만,1억2634만,209개
풍자테레비,[BJ/인물/연예인],47만,1억4135만,"1,069개"
빅헤드,[게임],46만,2억1914만,"3,252개"
이수근 채널,[스포츠/운동],46만,5228만,229개
강하나스트레칭,[스포츠/운동],46만,3328만,213개
뭅뭅,[영화/만화/애니],46만,3억0337만,"3,035개"
신비아파트 공식 채널,[영화/만화/애니],46만,2억5325만,722개
이상투자그룹,[주식/경제/부동산],46만,3823만,"1,291개"
온스테이지ONSTAGE,[음악/댄스/가수],46만,1억7392만,"1,995개"
빽능 - 스브스 옛날 예능,[뉴스/정치/사회],46만,4억3963만,"2,269개"
노래하는하람,[키즈/어린이],46만,1억7198만,662개
Samuel OFFICIAL,[음악/댄스/가수],46만,1283만,67개
쓸모왕,[뉴스/정치/사회],46만,2억6046만,377개
오콘키즈,[키즈/어린이],46만,5억6584만,941개
와빌,[영화/만화/애니],46만,7448만,201개
J.Y. Park,[TV/방송],46만,4228만,83개
아옳이,[패션/미용],46만,5778만,102개
엘리가 간다,[키즈/어린이],46만,3억6779만,446개
앙 작비띠,[음식/요리/레시피],46만,1억3228만,427개
곽토리 kwak tori,[패션/미용],46만,1억0590만,439개
Ripple_S,[TV/방송],46만,2억3124만,501개
No.1 DEF DANCE SKOOL,[음악/댄스/가수],46만,7589만,991개
에드머 Edmmer,[음식/요리/레시피],46만,1억8549만,"1,280개"
DAZBEE official,[영화/만화/애니],46만,1억3732만,97개
홍윤화 김민기 꽁냥꽁냥,[TV/방송],46만,7617만,244개
부동산 읽어주는 남자,[주식/경제/부동산],46만,4069만,335개
ROAD FIGHTING CHAMPIONSHIP,[스포츠/운동],45만,3억7783만,"3,574개"
joanday,[TV/방송],45만,5895만,591개
PURE.D퓨어디,[패션/미용],45만,9013만,226개
필름에빠지다,[영화/만화/애니],45만,1억7079만,349개
닥터파이어,[취미/라이프],45만,1억1879만,340개
수린 suzlnne,[교육/강의],45만,2925만,93개
이석현,[게임],45만,2억5141만,"3,147개"
Yoo True,[패션/미용],45만,1억0111만,720개
리수 Leesu Blooming,[패션/미용],45만,2563만,117개
꿀탱탱,[게임],45만,2억3879만,"2,282개"
레이디액션,[TV/방송],45만,1억4101만,263개
왕쥬 Wangju,[음식/요리/레시피],45만,2억4325만,"1,807개"
Official fromis_9,[음악/댄스/가수],45만,9317만,338개
꽃보다유이,[TV/방송],45만,1670만,53개
이연LEEYEON,[취미/라이프],45만,2484만,117개
딩가의 회전목마 DINGA,[취미/라이프],45만,5092만,165개
카페노예 jun,[BJ/인물/연예인],45만,2545만,43개
MediaVOP,[뉴스/정치/사회],45만,5억8145만,"16,055개"
재민TV,[게임],45만,7323만,495개
썩쏘TV,[게임],45만,2억6231만,"1,840개"
김용민TV,[뉴스/정치/사회],45만,1억2968만,"4,496개"
짧은대본 ShortPaper,[미분류],45만,6786만,89개
휴지,[게임],44만,2억2963만,"1,167개"
탬탬버린,[게임],44만,2억5881만,"1,531개"
견자희 스튜디오,[게임],44만,1억4033만,"1,276개"
Healing Meditation,[음악/댄스/가수],44만,2489만,113개
U-KISS,[음악/댄스/가수],44만,1억1415만,87개
유이뿅YUIPYON,[미분류],44만,8738만,238개
채널와우 CHANNEL WOW,[TV/방송],44만,1억8404만,416개
빅민 TV,[미분류],44만,2억2005만,"1,136개"
국방TV,[뉴스/정치/사회],44만,3억9695만,"9,945개"
Zaty Farhani,[TV/방송],44만,4억3548만,971개
창이의일상,[TV/방송],44만,9341만,353개
하비 Havy,[음악/댄스/가수],44만,8515만,691개
3D운전교실,[TV/방송],44만,1억0223만,"1,084개"
풍월량,[게임],44만,4억2027만,"11,913개"
오버워치,[게임],44만,1억9675만,487개
주간이상준,[TV/방송],44만,8776만,300개
준우,[TV/방송],44만,4820만,78개
정육왕 MeatCreator,[음식/요리/레시피],44만,8328만,320개
오마이스쿨,[교육/강의],44만,6216만,"1,395개"
pharkil 2015,[TV/방송],44만,4억6313만,"3,801개"
Ssot쏫,[음식/요리/레시피],44만,1억9365만,"1,009개"
kinda cool 아영,[패션/미용],44만,4019만,242개
왓더펀 What The Fun,[TV/방송],44만,1억2373만,343개
입질의추억TV jiminTV,[음식/요리/레시피],44만,1억1229만,222개
희바HEEBA,[게임],44만,2억0276만,"3,277개"
미트 miit,[미분류],44만,3230만,240개
투보,[게임],43만,1억6680만,665개
아이템의 인벤토리,[TV/방송],43만,7628만,125개
파투 TV,[음식/요리/레시피],43만,1억6112만,"1,229개"
따규햅번,[BJ/인물/연예인],43만,1억9760만,"2,052개"
OFFICIAL HIGHLIGHT,[음악/댄스/가수],43만,3843만,173개
비됴클래스,[교육/강의],43만,3673만,296개
박병진용사,[음식/요리/레시피],43만,2억1914만,"2,608개"
마플 마인크래프트 채널,[게임],43만,5억5324만,"1,689개"
핑맨,[게임],43만,9580만,632개
밤비걸Bambigirl,[취미/라이프],43만,7429만,267개
연고티비,[TV/방송],43만,1억6733만,846개
푸들커플,[TV/방송],43만,9080만,223개
OhmynewsTV,[뉴스/정치/사회],43만,3억2461만,"11,411개"
보라미유 Boramiyu,[음악/댄스/가수],43만,4327만,121개
석꾸축꾸,[스포츠/운동],43만,2억3392만,506개
노잼봇Nojambot,[교육/강의],43만,2976만,173개
LeoJ Makeup,[패션/미용],43만,4258만,187개
설레임 에디션 ♬,[음악/댄스/가수],43만,1억7905만,160개
supershinstudio,[영화/만화/애니],42만,2억9701만,"7,691개"
방앗간 비둘기,[게임],42만,2억7783만,"4,245개"
LilySeeun릴리세은,[TV/방송],42만,8458만,166개
과나gwana,[미분류],42만,2984만,32개
Loud G,[TV/방송],42만,1억0574만,251개
회사원B,[취미/라이프],42만,9444만,357개
CARTOON COFFEE,[TV/방송],42만,4억3992만,"1,453개"
얼간김준호,[TV/방송],42만,2401만,121개
늪지대에서 생긴 일,[게임],42만,5억1350만,"2,720개"
오늘의 영상툰,[영화/만화/애니],42만,1억4838만,279개
김동우,[음악/댄스/가수],42만,8272만,548개
시사타파TV,[뉴스/정치/사회],42만,1억5309만,"3,429개"
박민정 TV,[BJ/인물/연예인],42만,1억0331만,348개
onme 온미,[패션/미용],42만,3259만,192개
최군TV funny,[미분류],42만,4억4107만,"6,106개"
허수아비,[IT/기술/컴퓨터],42만,1억5251만,"1,156개"
단꿈교육 공식 채널,[교육/강의],42만,1억0967만,538개
멋사유튜브,[게임],42만,1억3541만,"1,798개"
The World of Erina에리나,[음식/요리/레시피],42만,3608만,97개
김한용의 MOCAR,[자동차],42만,1억4266만,750개
Aran TV,[교육/강의],42만,4531만,323개
Flow Music,[음악/댄스/가수],41만,6816만,506개
눈꽃,[게임],41만,1억3400만,"1,774개"
요즘 애니,[영화/만화/애니],41만,3억2672만,585개
fx,[음악/댄스/가수],41만,38만,3개
서프라이즈,[TV/방송],41만,1억9398만,591개
LJ Dance,[음악/댄스/가수],41만,4140만,"1,323개"
쩡유 JJeong U,[패션/미용],41만,5070만,291개
Michelle Hendra,[미분류],41만,6321만,317개
YOUIS 유이즈,[패션/미용],41만,3551만,120개
허미노MINO,[음식/요리/레시피],41만,1억5709만,"1,491개"
BTS - Topic,[음악/댄스/가수],41만,10억9951만,338개
JUNGSAEMMOOL,[패션/미용],41만,4367만,680개
타로호랑,[TV/방송],41만,4022만,76개
NUNA V,[음악/댄스/가수],41만,5422만,128개
찬이TV,[게임],41만,1억9157만,"1,476개"
뭉땡뭉땡,[애완/반려동물],41만,1억0696만,349개
핫소스,[TV/방송],41만,1억3464만,308개
책그림,[미분류],41만,3679만,305개
상해기SangHyuk,[BJ/인물/연예인],41만,8004만,182개
H1GHR MUSIC,[음악/댄스/가수],41만,1억3520만,357개
디바걸스,[TV/방송],41만,1억5623만,232개
옥냥이 RoofTopCAT,[게임],41만,3억6501만,"3,363개"
권민제 MINJE KWON,[음악/댄스/가수],40만,2040만,93개
뽁구BBokTV,[게임],40만,2억2089만,"1,346개"
최혜성,[TV/방송],40만,9419만,281개
광족들,[미분류],40만,8265만,198개
김줄스 ZoolsKim,[애완/반려동물],40만,1억1424만,484개
ARIRANG NEWS,[뉴스/정치/사회],40만,1억9075만,"114,494개"
여행에미치다-Travelholic,[국내/해외/여행],40만,6606만,524개
딩고 뷰티 / dingo beauty,[패션/미용],40만,1억7312만,481개
KBS Documentary [KBS 다큐],[뉴스/정치/사회],40만,2억4506만,"48,383개"
KBS 교양,[뉴스/정치/사회],40만,2억9796만,"64,694개"
가브리엘,[게임],40만,7454만,744개
만개의레시피 10K Recipe,[음식/요리/레시피],40만,1억1984만,"5,152개"
Ranking World,[미분류],40만,1억2752만,503개
급식걸즈,[취미/라이프],40만,2억3901만,226개
OCN,[TV/방송],40만,3억4583만,"10,071개"
Bravo jamoasi,[미분류],40만,6193만,25개
덕출 : DCTVGO,[TV/방송],40만,8249만,202개
